0,1,2
Title,Views,Time
Under 50K Tk | 4K Video Editing PC Build Guide 2023,59K views,2 days ago
How to Build a Gaming PC ft Banani Ryans Computers,110K views,3 days ago
Under 27K TK Gaming Monitor Review | Lenovo G27 144Hz,15K views,6 days ago
49.5k Tk PC Build Guide ft Intel Arc A380,75K views,13 days ago
4k BDT Smart Watch Imiki ST1 Review,14K views,2 weeks ago
17.5K BDT Peladn RX 5500 xt Graphics Card Review,54K views,2 weeks ago
4K Bdt Gamdias Talos E3 Series Review,30K views,2 weeks ago
Hackintosh PC Build with Kids,70K views,2 weeks ago
8.9k Tk Acer 100Hz KA222Q Monitor Review,59K views,2 weeks ago
Qbits Lania X1 | Mini PC Testing & Review,43K views,3 weeks ago
60k Tk Student Laptop Review | Lenovo Ideapad 15AMN7,64K views,3 weeks ago
Cheapest RTX 4070ti Review | Maxsun iCraft,34K views,3 weeks ago
একটি ছোট কিউট কেস রিভিউ,30K views,4 weeks ago
"Another Budget Killer SSD Review | BDT 3,000 Tk",44K views,4 weeks ago
First RTX 4050 Laptop In Bangladesh | BDT 150K,63K views,1 month ago
"9,900 Tk Revenger LEO Dynamic | PC Case Review",43K views,1 month ago
105K Tk DDR5 Gaming PC Build Guide 2023,101K views,1 month ago
"700k Tk Speed! I mean, Gaming PC Fastest in BD | Directors Cut",43K views,1 month ago
Fastest Bangladeshi 4K Gaming PC Build | BDT 700K,186K views,1 month ago
"5600G, 5700g কাদের কেনা ঠিক হবে না। Common Misconception's",132K views,1 month ago
Under 50K Tk Gaming PC Build Guide 2023,208K views,1 month ago
9.9K Tk Value-Top T22IF IPS Monitor Review,113K views,1 month ago
300K Video Editing PC Build for @KiKenoKivabe,96K views,1 month ago
26K NZXT H9 Elite | Kidney Case Review,54K views,1 month ago
HDD VS SSD ft OCPC XTL 200 1 TB SATA SSD Review,94K views,1 month ago
84K SSC Special PC Build Guide | Ft. ARC A750 8GB,108K views,1 month ago
PC Market Warranty & After Sales Part 1 - RAM Lifetime Warranty  SCAM!,72K views,1 month ago
Cheapest 165Hz Gaming Monitor in market! | Lenovo G24 Review,61K views,1 month ago
14k Tk Peladn RX 580 2048SP 8GB Graphics Card Review,128K views,1 month ago
30K BDT PC Build Guide ft Ryzen 5 5600G,387K views,1 month ago
