0,1,2
Title,Views,Time
Project Shelby | BDT 550K PC Build 2024,56K views,1 day ago
SATA SSD ‡¶è‡¶ñ‡¶®? Team EX2 elite Review,15K views,2 days ago
New Budget Killer!! | REVENGER IPS22F Review,28K views,3 days ago
BDT 10k | 1STPLAYER CC 240 ARGB Liquid Cooler,23K views,4 days ago
66k BDT 5600G NAS Server Build 2023,59K views,5 days ago
RTX 4070 vs RX 7800XT GPU Comparison Gaming and Productivity,27K views,6 days ago
‡ß©‡ß¶ ‡¶π‡¶æ‡¶ú‡¶æ‡¶∞ ‡¶ü‡¶æ‡¶ï‡¶æ ‡¶≤‡ßã‡¶ï‡¶∏‡¶æ‡¶®! PC Build ft Maxsun | Hyte Y40,65K views,8 days ago
‡¶ö‡¶ø‡¶ï‡¶® ‡¶Æ‡ßá‡¶ï‡ßç‡¶Ø‡¶æ‡¶®‡¶ø‡¶ï‡¶æ‡¶≤ ‡¶ï‡ßÄ‡¶¨‡ßã‡¶∞‡ßç‡¶°! low profile keyboards from Redragon,23K views,11 days ago
Fastest Gen3 Nvme!! | Team MP33 PRO Review,13K views,12 days ago
Rapid IPS Panel ‡¶ï‡¶ø ‡¶Ü‡¶¨‡¶æ‡¶∞! | MSI G244F E2 Gaming monitor review,18K views,13 days ago
200k All RED Best Gaming PC Build,56K views,2 weeks ago
24.5inch 100hz IPS Budget Monitor! | MSI Pro MP251 Review,23K views,2 weeks ago
‡¶°‡¶æ‡¶¨‡¶≤ ‡¶™‡ßç‡¶∞‡¶´‡ßá‡¶∂‡¶®‡¶æ‡¶≤ SSD!! | Lexar NM800 Pro Gen4 Nvme Review,18K views,2 weeks ago
84k DDR5 Gaming PC Build ft. Star Tech Ltd. | 7500F & RTX2060 Super,46K views,2 weeks ago
BDT 204K Tk | Lenovo Legion pro 5 Review | Ft RTX 4060,20K views,2 weeks ago
100hz IPS panel for all users! | Dahua Lm22-C201P 100hz Monitor Review,35K views,2 weeks ago
DeepCool LT720 360 AIO Cooler Review,16K views,2 weeks ago
37K Ryzen 7 5700G Build 2023,51K views,3 weeks ago
The nothing keyboard! | Redragon K649 Elf Pro Review,17K views,3 weeks ago
VIEWSONIC VX2428 IPS 180Hz Gaming Monitor review,24K views,3 weeks ago
Seagate FireCuda 530 SSD Review,21K views,3 weeks ago
Revenger Leo Dynamic Mini Case Review,23K views,3 weeks ago
Best 360 All in One Cooler Right Now? Thermalright Frozen Fusion 360 Black Review,15K views,3 weeks ago
Dark ZERO RGB PC Build 2023,62K views,3 weeks ago
50k to 150k Taka Laptop Buying Guide 2023,29K views,4 weeks ago
21k Best Gaming & Editing PC Build Guide 2023,75K views,4 weeks ago
Team MP44L Gen4 NVMe SSD Review,22K views,4 weeks ago
"BDT 8,900 Tk | Value Top T5 Case Review",23K views,1 month ago
ASUS TUF F15 Gaming Laptop Review FX507ZC4,38K views,1 month ago
New Keyboard from Redragon! Ucal K673 Pro Review.,19K views,1 month ago
65k Tk Freelancer PC Build Guide 2023,62K views,1 month ago
‡¶∏‡ßÅ‡¶™‡¶æ‡¶∞ ‡¶π‡¶æ‡¶á ‡¶∏‡ßç‡¶™‡¶ø‡¶° ‡¶®‡ßá‡¶ü‡¶ì‡¶Ø‡¶º‡¶æ‡¶∞‡ßç‡¶ï Underworld Exposed,62K views,1 month ago
Dahua Gaming Monitor series! DAHUA LM24 E231 Review,33K views,1 month ago
22k Basic PC Build Guide 2023,79K views,1 month ago
‡¶π‡¶æ‡¶á‡¶¨‡ßç‡¶∞‡¶ø‡¶° ‡¶ï‡ßá‡¶∏! ‡¶è‡¶ü‡¶æ ‡¶Ü‡¶¨‡¶æ‡¶∞ ‡¶ï‡¶ø? Gamdias Athena P1 Case Review,24K views,1 month ago
64.8k ACER ASPIRE 5 Corporate Laptop Review,36K views,1 month ago
New Samsung Budget Monitor! Samsung S22C310EAE Review,36K views,1 month ago
#1 Chinese Laptop Brand? Thunderobot Iger E1 Review,40K views,1 month ago
Siren for Cooling! | TEAM T-Force SIREN GD240E AIO Cooler Review,19K views,1 month ago
Best Value Workstation PC Build 2023,49K views,1 month ago
@CreatusComputer  ‡¶è ‡¶è‡¶ï‡¶¶‡¶ø‡¶®,94K views,1 month ago
Walton's Best Budget Monitors till Date,48K views,1 month ago
4.7k Tk RAPOO VT9 Pro Gaming Mouse Review (NO RGB),22K views,1 month ago
60K BDT PC Build Guide 2023 ft Intel Arc A580 8GB,80K views,1 month ago
14900K & RTX 4080 Custom Loop In NZXT H9 Elite | PC Build 2023,74K views,1 month ago
4.5K BDT Budget ATX Case Review,24K views,1 month ago
Building An SSD Test System 100k++,40K views,1 month ago
RK M75 Gasket Mechanical Keyboard Review,34K views,1 month ago
The Monitor You May Trust ‡•§ HP M22f Monitor Review,88K views,1 month ago
95k Ryzen 5 7500f DDR5 Gaming PC Build Guide 2023,91K views,1 month ago
The monitor won't disappoint you ‡•§ Redmi G27 Review.,79K views,1 month ago
98K Tk Gaming Laptop Review | Hp Victus 15 (2023),51K views,1 month ago
‡¶∏‡ßÅ‡¶™‡¶æ‡¶∞ ‡¶´‡¶æ‡¶∏‡ßç‡¶ü!! Kingsman KP800 SSD Review,32K views,2 months ago
100K White PC Build Guide 2023 | Ft Arc A770 16GB,122K views,2 months ago
Apple Gadgets a Laptop? Jamuna Future Park Vlog,40K views,2 months ago
‡¶´‡ßÅ‡¶≤ ‡¶∏‡¶æ‡¶á‡¶ú ‡¶ï‡ßÄ‡¶¨‡ßã‡¶∞‡ßç‡¶° ‡¶®‡¶æ‡¶ï‡¶ø ‡¶è‡¶ü‡¶æ ‡¶®‡¶ø‡¶¨‡ßã! Feker IK65 Mechanical Keyboard Review,26K views,2 months ago
ASUS Rog Ally Z1 Extreme Review,41K views,2 months ago
‡¶ö‡¶æ‡¶Ø‡¶º‡¶®‡¶æ'‡¶Ø‡¶º Walton?,94K views,2 months ago
China Mobile Market Vlogs EP. 2,95K views,2 months ago
China Mobile Market Vlogs EP. 1 : Exploring the Cost of Chinese Smartphones!,64K views,2 months ago
Our 1st Canton Fair Experience Vlogs,28K views,2 months ago
China PC Market Vlogs Part 2 SEG E-Mall Shenzhen,55K views,2 months ago
China PC Market Vlogs Part 1 SEG-E Mall Shenzhen,73K views,2 months ago
Best Of BD: Laptop Battle Season 1 | First ever keyboard and laptop showdown | Episode 3,28K views,3 months ago
8K BDT Montech Air 1000 Premium Case Review,31K views,3 months ago
300K Tk Best of BD PC Battle Flagship Round,64K views,3 months ago
Best Of BD: PC Battle Season 2 | Burner Upto 100K | Episode 2,38K views,3 months ago
Best Of BD: PC Battle Season 2 | Starter 50K | Episode 01,52K views,3 months ago
Offers from Perennial Computer Ft. City IT Mega Fair 2023,35K views,3 months ago
Techland Special Deals for City IT Mega Fair 2023,51K views,3 months ago
BDT 70K PC Build Guide ft Star Tech IDB,136K views,3 months ago
Singapore Computer Market Vlog! Sim Lim Square,55K views,3 months ago
45k 4k Monitor! | MSI Modern MD271UL Review,27K views,3 months ago
Best Value RTX 4060 Laptop Review | BDT 200K Tk,38K views,3 months ago
Freefire on iPhone 15 Pro Max Game Test,14K views,3 months ago
iPhone 15 Pro Max @Apple,11K views,3 months ago
‡¶ï‡¶ø‡¶®‡ßá ‡¶´‡ßá‡¶≤‡¶≤‡¶æ‡¶Æ 1st iPhone 15 Pro Max Natural Titanium ‡¶∏‡¶ø‡¶Ç‡¶ó‡¶æ‡¶™‡ßÅ‡¶∞,130K views,3 months ago
Under 50K Tk | 4K Video Editing PC Build Guide 2023,151K views,3 months ago
How to Build a Gaming PC ft Banani Ryans Computers,349K views,3 months ago
Under 27K TK Gaming Monitor Review | Lenovo G27 144Hz,22K views,3 months ago
49.5k Tk PC Build Guide ft Intel Arc A380,113K views,4 months ago
4k BDT Smart Watch Imiki ST1 Review,17K views,4 months ago
17.5K BDT Peladn RX 5500 xt Graphics Card Review,87K views,4 months ago
4K Bdt Gamdias Talos E3 Series Review,47K views,4 months ago
Hackintosh PC Build with Kids,89K views,4 months ago
8.9k Tk Acer 100Hz KA222Q Monitor Review,90K views,4 months ago
Qbits Lania X1 | Mini PC Testing & Review,51K views,4 months ago
60k Tk Student Laptop Review | Lenovo Ideapad 15AMN7,84K views,4 months ago
Cheapest RTX 4070ti Review | Maxsun iCraft,39K views,4 months ago
‡¶è‡¶ï‡¶ü‡¶ø ‡¶õ‡ßã‡¶ü ‡¶ï‡¶ø‡¶â‡¶ü ‡¶ï‡ßá‡¶∏ ‡¶∞‡¶ø‡¶≠‡¶ø‡¶â,33K views,4 months ago
"Another Budget Killer SSD Review | BDT 3,000 Tk",55K views,4 months ago
First RTX 4050 Laptop In Bangladesh | BDT 150K,68K views,4 months ago
"9,900 Tk Revenger LEO Dynamic | PC Case Review",53K views,4 months ago
105K Tk DDR5 Gaming PC Build Guide 2023,143K views,5 months ago
"700k Tk Speed! I mean, Gaming PC Fastest in BD | Directors Cut",73K views,5 months ago
Fastest Bangladeshi 4K Gaming PC Build | BDT 700K,275K views,5 months ago
"5600G, 5700g ‡¶ï‡¶æ‡¶¶‡ßá‡¶∞ ‡¶ï‡ßá‡¶®‡¶æ ‡¶†‡¶ø‡¶ï ‡¶π‡¶¨‡ßá ‡¶®‡¶æ‡•§ Common Misconception's",226K views,5 months ago
Under 50K Tk Gaming PC Build Guide 2023,309K views,5 months ago
9.9K Tk Value-Top T22IF IPS Monitor Review,170K views,5 months ago
300K Video Editing PC Build for @KiKenoKivabe,107K views,5 months ago
26K NZXT H9 Elite | Kidney Case Review,58K views,5 months ago
HDD VS SSD ft OCPC XTL 200 1 TB SATA SSD Review,104K views,5 months ago
84K SSC Special PC Build Guide | Ft. ARC A750 8GB,133K views,5 months ago
PC Market Warranty & After Sales Part 1 - RAM Lifetime Warranty  SCAM!,77K views,5 months ago
Cheapest 165Hz Gaming Monitor in market! | Lenovo G24 Review,70K views,5 months ago
14k Tk Peladn RX 580 2048SP 8GB Graphics Card Review,167K views,5 months ago
30K BDT PC Build Guide ft Ryzen 5 5600G,571K views,5 months ago
‡¶™‡¶ø‡¶∏‡¶ø'‡¶§‡ßá ‡¶Ö‡¶®‡ßá‡¶ï ‡¶ï‡¶æ‡¶∞‡ßá‡¶®‡ßç‡¶ü?üíÄ ‡¶∏‡¶Æ‡¶æ‡¶ß‡¶æ‡¶®!!,82K views,5 months ago
Maximum RGB Case Review,64K views,5 months ago
43K BDT Walton Prelude N50 Pro Laptop Review | Best Laptop Under 50000,84K views,5 months ago
100hz MSI MP223 Monitor Review | 10000 Taka Best Monitor,100K views,5 months ago
Intel ARC A770 16GB Review | 40K BDT,85K views,6 months ago
Project Night Fury PC Build ft RTX 4070 Ti Audio Fixed,36K views,6 months ago
Project Night Fury ft RTX 4070 Ti,74K views,6 months ago
"DAHUA SSD Review, QUALITY??!  E900 NVME, C800A SATA",55K views,6 months ago
100K Tk PC Build for @HabluProgrammer,186K views,6 months ago
Testing Budget Xiaomi Monitors,110K views,6 months ago
‡¶ï‡¶≤‡¶ï‡¶æ‡¶§‡¶æ‡¶Ø‡¶º ‡¶ï‡¶ø ‡¶™‡¶ø‡¶∏‡¶ø ‡¶™‡ßç‡¶∞‡ßã‡¶°‡¶æ‡¶ï‡ßç‡¶ü‡ßá‡¶∞ ‡¶¶‡¶æ‡¶Æ ‡¶ï‡¶Æ ‡¶¨‡¶æ‡¶Ç‡¶≤‡¶æ‡¶¶‡ßá‡¶∂ ‡¶•‡ßá‡¶ï‡ßá?,85K views,7 months ago
Budget Monitor Comparison | Under 10K BDTü§Ø,135K views,7 months ago
BracU Campus ‡¶è ‡¶è‡¶ï‡¶¶‡¶ø‡¶® | Mongol-Tori | URC 2023,73K views,7 months ago
‡¶¶‡ßá‡¶∂‡ßÄ ‡¶ó‡ßá‡¶Æ‡¶ø‡¶Ç ‡¶Æ‡¶®‡¶ø‡¶ü‡¶∞! | Walton WD27GI06 Review,55K views,7 months ago
‡¶ï‡ßã‡¶®‡¶ü‡¶æ ‡¶ï‡ßã‡¶® ‡¶≠‡¶ø‡¶°‡¶ø‡¶ì‡¶∞? PCB BD Intro Compilation Part 1,12K views,7 months ago
The Go-To TWS For Budget Users,43K views,7 months ago
Dahua LM22 B200S Monitor Review | 3 Yr Warranty,59K views,7 months ago
‡¶™‡ßç‡¶∞‡¶∏‡ßá‡¶∏‡¶∞ ‡¶¨‡¶æ‡¶Ø‡¶º‡¶ø‡¶Ç ‡¶ó‡¶æ‡¶á‡¶° ‡ß®‡ß¶‡ß®‡ß©,193K views,8 months ago
"Custom Loop On TT Core P6 | BDT 500,000 TK",145K views,8 months ago
39K Budget Pc Build Guide 2023 | Ryzen 7 5700G,353K views,8 months ago
50000 Tk Budget Laptop Review ASUS Expertbook P1,142K views,8 months ago
Walton i7 11370H Laptop Review MX711H,49K views,8 months ago
Weather Demand | 5k Bdt DeepCool CH370 Case Review,59K views,8 months ago
19k Budget PC Build Guide 2023 All Purpose,259K views,8 months ago
Fastest GEN 4 NVME SSD? KC3000 Kingston Review,34K views,8 months ago
Quadro A4000 VS 4070ti Geforce RTX Productivity Tested,33K views,8 months ago
RTX Quadro Professional PC Build 2023,108K views,9 months ago
89k Gaming Laptop Review | HP Victus 16,117K views,9 months ago
"Realme Vs Redmi ‡¶Æ‡¶ø‡¶° ‡¶∞‡ßá‡¶û‡ßç‡¶ú‡ßá ‡¶¨‡ßç‡¶∞‡ßç‡¶Ø‡¶æ‡¶®‡ßç‡¶° ‡¶Ø‡ßÅ‡¶¶‡ßç‡¶ß, ‡¶ï‡ßá ‡¶ú‡¶ø‡¶§‡¶≤‡ßã?",22K views,9 months ago
Blackmagic 8K 120FPS Test Footage,19K views,9 months ago
10K Priced Keyboard | Worth It?,17K views,9 months ago
‡¶¨‡¶æ‡¶ú‡ßá‡¶ü ‡¶Ü‡¶õ‡ßá ‡¶§‡ßã? Logitech G502 X Plus Review,22K views,9 months ago
AI ‡¶¨‡ßç‡¶Ø‡¶¨‡¶π‡¶æ‡¶∞ ‡¶ï‡¶∞‡ßá ‡¶™‡ßç‡¶∞‡ßã‡¶°‡¶æ‡¶ï‡ßç‡¶ü‡¶ø‡¶≠‡¶ø‡¶ü‡¶ø ‡¶≤‡¶æ‡¶á‡¶≠ ‡¶ì‡¶Ø‡¶º‡ßá‡¶¨‡¶ø‡¶®‡¶æ‡¶∞,17K views,9 months ago
GPU Buying Guide 2023,115K views,9 months ago
Pocket PUNISHER PC Build 2023,52K views,9 months ago
First RTX 4080 Laptop | Lenovo Legion Pro 7i Bangla Review,102K views,10 months ago
Your Office Mate | Lenovo Aio PC Bangla Review,35K views,10 months ago
Another Graphics Card!! Intel Arc A750 Bangla Review,119K views,10 months ago
DRAM Less But FAST Biwintech NVME & Sata SSD Review,42K views,10 months ago
A Beautiful Case Review Montech Sky 2,61K views,10 months ago
Value or Trash? Cheapest GEN 4 NVMe Kingston NV2 250GB SSD Review,45K views,10 months ago
Titan PC Build ft nVidia RTX 3090ti FE | 13900k,92K views,10 months ago
‡¶Ö‡¶¶‡ßá‡¶ñ‡¶æ ‡¶∞‡¶æ‡¶ú‡¶∂‡¶æ‡¶π‡ßÄ | Rajshahi Vlog @mcmesports @Wrath_eSports @THapraoGaming @mssesports8883 A S H Gam,22K views,10 months ago
‡¶è‡¶ï‡¶ü‡¶ø ‡¶õ‡ßã‡¶ü  ‡¶ï‡¶Æ‡ßç‡¶™‡¶ø‡¶â‡¶ü‡¶æ‡¶∞ ‡¶ï‡ßá‡¶∏ | Value Top V100 Review,51K views,11 months ago
ChatGPT VS PC Builder Bangladesh | Testing the AI,50K views,11 months ago
‡¶∞‡¶æ‡¶ú‡¶∂‡¶æ‡¶π‡ßÄ‡¶§‡ßá ‡¶è‡¶ï‡¶¶‡¶ø‡¶® | Rajshahi Tour,36K views,11 months ago
Making of a Dream Gaming Room Setup,110K views,11 months ago
Beginners PC Build Guide | Budget | Component Selection | Where to Buy?,205K views,11 months ago
60k Tk PC Build Guide ft i5 13400 Intel 13th Gen,199K views,11 months ago
‡¶ï‡ßá‡¶Æ‡¶® ‡¶ó‡ßá‡¶≤‡ßã? Final Round Best Of BD: Pc Battle 2022 | Season 01,90K views,1 year ago
Ultimate Gaming PC Build | Project Strateon 2.0,216K views,1 year ago
‡¶ï‡ßá ‡¶ú‡¶ø‡¶§‡¶≤‡ßã ‡¶Æ‡¶®‡¶ø‡¶ü‡¶∞? Eerna Ltd IDB Branch Opening,19K views,1 year ago
10K BDT Smartphone | Benco V90 Impressions,28K views,1 year ago
31000 Taka Budget PC Build Guide,184K views,1 year ago
‡¶¶‡ßá‡¶∂‡¶ø Gaming Chair ‡¶∏‡¶æ‡¶ó‡¶æ,107K views,1 year ago
Preparations Vlog City It Mega Fair 2022 | BCS Computer City,20K views,1 year ago
LG Ultragear gaming series | Worth the money!,65K views,1 year ago
Beauty With Performance | Lenovo Legion 5 Bangla Review,60K views,1 year ago
Nvidia GeForece RTX4080 Teardown & Review,19K views,1 year ago
Fastest Gaming PC Build? RTX 4090 üî•,162K views,1 year ago
World's Cheapest Gaming Monitor | Redmi G24 165Hz,181K views,1 year ago
94000 Tk Gaming PC Build Guide 2022,237K views,1 year ago
Walton FlagShip PC TearDown ‚ñ∫ Make My PC Part 2,95K views,1 year ago
Techland BD - BCS Computer City Branch Opening & Giveaway,59K views,1 year ago
Walton - Make My PC Review Part 1,82K views,1 year ago
The Shark Is BACK!! Intel 13th Gen Price in BD,90K views,1 year ago
ViewSonic Elite Road Show 2022 | 60hz vs 144hz,23K views,1 year ago
First Custom Mechanical Keyboard Project!!! (It's a disaster),52K views,1 year ago
"RTX 4090 Productivity Review Video Editing, 3D Workflow",34K views,1 year ago
Reacting to RTX 4090 Colorful NB ft @RafsanTheChotobhai,64K views,1 year ago
NVIDIA RTX 4090 Ada Love Less(?) GPU Review,68K views,1 year ago
"23,690 Tk Bare Minimum Gaming PC ft Athlon 3000G",129K views,1 year ago
RTX 4090 First Impressions from BD,64K views,1 year ago
Mini-ITX Beauty Phanteks Shift Air 2 PC Build ft RTX 3080 Strix,58K views,1 year ago
‡ß®.‡ß´ ‡¶π‡¶æ‡¶ú‡¶æ‡¶∞ ‡¶ü‡¶æ‡¶ï‡¶æ‡¶∞ ‡¶ö‡ßá‡¶Ø‡¶º‡¶æ‡¶∞ VS ‡ß® ‡¶≤‡¶æ‡¶ñ ‡¶ü‡¶æ‡¶ï‡¶æ‡¶∞ ‡¶ö‡ßá‡¶Ø‡¶º‡¶æ‡¶∞,99K views,1 year ago
35000 Tk Lite Gaming PC Build Guide 2022 ft R5 4650G,231K views,1 year ago
Lenovo Brand Day at Multiplan Center,26K views,1 year ago
22000 Tk Basic PC Build Guide 12th Gen,183K views,1 year ago
‡¶ö‡ßá‡¶Ø‡¶º‡¶æ‡¶∞ The Kedara üí∞,35K views,1 year ago
GAME DEVELOPERS PC ü§ñ,75K views,1 year ago
BenQ EX600 Projector Review | ‡¶¨‡¶ø‡¶∂‡ßç‡¶¨‡¶ï‡¶æ‡¶™ ‡¶™‡ßç‡¶∞‡¶ø‡¶™‡¶æ‡¶∞‡ßá‡¶∂‡¶®,18K views,1 year ago
First Logitech Exclusive Store in BD,82K views,1 year ago
Balanced Professional PC 2022,107K views,1 year ago
18k Monitor with All Adjustment Features!!! Asus VA229QSB Monitor Review,85K views,1 year ago
68k Tk Casual Laptop Lenovo Slim 3i Review,106K views,1 year ago
Fixing Studio Sound,44K views,1 year ago
95000 Tk PC Build Guide 2022 | Gaming + Productivity,270K views,1 year ago
‡¶ï‡¶Æ‡ßç‡¶™‡¶ø‡¶â‡¶ü‡¶æ‡¶∞ ‡¶™‡ßç‡¶∞‡¶Ø‡ßÅ‡¶ï‡ßç‡¶§‡¶ø ‡¶™‡¶£‡ßç‡¶Ø‡ßá‡¶∞ ‡¶¨‡¶æ‡¶ú‡ßá‡¶ü ‡¶≠‡¶æ‡¶¨‡¶®‡¶æ ‡ß®‡ß¶‡ß®‡ß®,60K views,1 year ago
New Budget monitor from LENOVO!! L22i Review,43K views,1 year ago
Mini ITX Madness üå∂Ô∏è ‡¶™‡¶ø‡¶ö‡ßç‡¶ö‡¶ø Gaming PC Build ü§è,91K views,1 year ago
First Project at BUET | Genetic Tree Estimation üß¨,223K views,1 year ago
Best deal under 55k BDT Budget | Acer Extensa 15 EX215-52-58SQ Laptop Bangla Review,116K views,1 year ago
Unpublished Computex VLOG from 2019 Just for Fans ‡¶∏‡ßç‡¶Ø‡¶∞‡¶ø ‡¶ú‡¶æ‡¶π‡¶ø‡¶¶ ‡¶≠‡¶æ‡¶á,24K views,1 year ago
Monitor for Creators MSI PS341WU 5K2K Ultra-wide Monitor Review,43K views,1 year ago
365k BDT The Mad Odyssey Gaming PC Build ft 12th Gen 12900k | Inspired by @GGFEvents,139K views,1 year ago
Dream ‡¶Æ‡¶æ‡¶≤‡ßç‡¶ü‡¶ø ‡¶Æ‡¶®‡¶ø‡¶ü‡¶∞ Setup - All About ARM's & Mounts,164K views,1 year ago
4k 144Hz Gaming Monitor!! LG 27GP950-B Review,77K views,1 year ago
45k TAKA PC Build Guide 2022 ft Intel i5 12400,328K views,1 year ago
Abomination Na Blessing?!! RX 6500XT Review,157K views,1 year ago
‡¶è‡¶ï‡¶ü‡¶ø ‡¶ï‡¶æ‡¶∞‡ßç‡¶≠‡¶° ‡¶ó‡ßá‡¶Æ‡¶ø‡¶Ç ‡¶Æ‡¶®‡¶ø‡¶ü‡¶∞‡ßá‡¶∞ ‡¶Ü‡¶§‡ßç‡¶Æ‡¶ï‡¶æ‡¶π‡¶ø‡¶®‡ßÄ !!,43K views,2 years ago
45000 Tk Budget PC Build Guide 2022 ft. Ryzen 5 5600G,460K views,2 years ago
18K BDT for Fastest Polling Rate!  Worth It?,39K views,2 years ago
First Ultragear 240Hz Monitor! Is it Good?! LG 27GN750 Review Bangla,21K views,2 years ago
MSI GF65 Thin 10UE Gaming Laptop Review i7 10750h RTX 3060 Max Q,73K views,2 years ago
Monitor for Professional CREATORS!!! Pro Art Series,23K views,2 years ago
2021 Flagship Gaming PC Build - The Big Daddy,231K views,2 years ago
New Mic!! #shorts,25K views,2 years ago
Warranty & After Sales SAGA Ft Samsung BD ü§ê,403K views,2 years ago
‡¶ï‡¶ø‡¶°‡¶®‡ßÄ‡¶∞ ‡¶Æ‡¶æ‡¶Ø‡¶º‡¶æ ‡¶•‡¶æ‡¶ï‡¶≤‡ßá ‡¶≠‡¶ø‡¶°‡¶ø‡¶ì‡¶ü‡¶ø ‡¶¶‡ßá‡¶ñ‡¶¨‡ßá‡¶® ‡¶®‡¶æ üê∏  LG 34wk95u Nano IPS Ultrawide Professional Monitor,66K views,2 years ago
"Building for An Animator | Mid Budget Professional PC Build Ryzen 5 3600, 980Ti",230K views,2 years ago
Walton PC Tear Down ! ‚ò†Ô∏è,393K views,2 years ago
Building without Budget 2021,301K views,2 years ago
50000 Taka Budget Laptop Review | MSI B10MW Modern 14 the Almost Perfect Laptop,361K views,2 years ago
"Gaming Headphone Round Up | Razer, HyperX Cloud, HyperX Stringer, Turtle Beach, Corsair, PCB BD :/",96K views,2 years ago
Budget RTX Launched!! üî•üî• Colorful 3060 Review,126K views,2 years ago
‡¶è ‡¶ï‡ßá‡¶Æ‡¶® ‡¶Æ‡¶®‡¶ø‡¶ü‡¶∞ ??!!! üê∏ Samsung Odyssey G9,197K views,2 years ago
‡¶è‡¶ï‡¶ü‡¶ø ‡¶Æ‡¶ø‡¶° ‡¶∞‡ßá‡¶û‡ßç‡¶ú ‡¶è‡¶ï‡ßç‡¶∏‡¶™‡ßá‡¶®‡ßç‡¶∏‡¶ø‡¶≠ ‡¶ú‡¶ø‡¶™‡¶ø‡¶â !!! MSI 3060 Ti Gaming X Trio Review,80K views,2 years ago
Portable Power House üî•ü§è Mini ITX Gaming PC Build,232K views,2 years ago
The 5G Phone for Non 5G World!!,23K views,2 years ago
"""Budget G-Sync"" Gaming monitor?!!! |  ASUS TUF VG259Q Review",71K views,2 years ago
44k Chair vs 100Tk Back Rest | ‡¶ö‡ßá‡¶Ø‡¶º‡¶æ‡¶∞ ‡¶¨‡¶°‡¶º ‡¶®‡¶æ ‡¶Æ‡¶æ‡¶ú‡¶æ ‡¶¨‡¶°‡¶º ?!!,306K views,3 years ago
‡¶¶‡ßá‡¶∂‡¶ø ‡¶ó‡ßá‡¶Æ‡¶ø‡¶Ç ‡¶≤‡ßç‡¶Ø‡¶æ‡¶™‡¶ü‡¶™!! Walton Karonda GX710G Pro Review,163K views,3 years ago
Samsung LF22T350FHW IPS Monitor Review | New Budget King ? NOO!!!,205K views,3 years ago
Our First !! RTX 3080 Gaming PC Build 2020 üî•,276K views,3 years ago
iPhone 12 Pro Max | First In Depth Review from Bangladesh | PCB BD | 4K,216K views,3 years ago
Beauty vs Performance PC Case | NZXT H510 Elite Review,173K views,3 years ago
49000 Taka Budget Gaming PC Build Guide 2020,802K views,3 years ago
"ASUS TUF RTX 3080 Bangla Review |  Editing, Gaming Performance Test",105K views,3 years ago
‡¶Æ‡¶®‡¶ø‡¶ü‡¶∞‡ßá ‡¶õ‡¶æ‡¶®‡¶ø ‡¶™‡¶°‡¶º‡¶æ ‡¶∞‡ßã‡¶ó ‡•§ Monitor Backlight Bleed & Glow PRESCRIPTION!!,227K views,3 years ago
IPS vs VA Panel | 144Hz Gaming Monitor Review ft ASUS VG249Q & VG24VQ,114K views,3 years ago
BCS Computer City ‡¶§‡ßá ‡¶è‡¶ï‡¶¶‡¶ø‡¶® ‡•§ ‡¶ï‡¶Æ‡ßç‡¶™‡¶ø‡¶â‡¶ü‡¶æ‡¶∞ ‡¶Æ‡¶æ‡¶∞‡ßç‡¶ï‡ßá‡¶ü‡ßá‡¶∞ ‡¶π‡¶æ‡¶≤‡¶ö‡¶æ‡¶≤,281K views,3 years ago
LAST OF THEM - Minimal Streamer PC Build 2020,225K views,3 years ago
The TRUTH UNTOLD!!   VivoBook S15 Series 2020 ‡¶∞‡¶ø‡¶≠‡¶ø‡¶â,394K views,3 years ago
SteamBoy - Best Gaming Builds of BD | ft. RTX 2080ti Kudan,252K views,3 years ago
‡¶≠‡¶ø‡¶°‡¶ø‡¶ì ‡¶è‡¶°‡¶ø‡¶ü‡¶ø‡¶Ç ‡¶ï‡¶∞‡¶§‡ßá ‡¶ï‡¶ø ‡¶ó‡ßç‡¶∞‡¶æ‡¶´‡¶ø‡¶ï‡ßç‡¶∏ ‡¶ï‡¶æ‡¶∞‡ßç‡¶° ‡¶≤‡¶æ‡¶ó‡ßá? NVENC Tested! Ft Geforce RTX 2070 super,148K views,3 years ago
A Minimal and Clean ‡¶è‡¶°‡¶ø‡¶ü‡¶ø‡¶Ç ‡¶™‡¶ø‡¶∏‡¶ø ‡¶¨‡¶ø‡¶≤‡ßç‡¶° for Sohag360 ft Geforce RTX 2070 Super,908K views,3 years ago
‡¶∞‡ßá ‡¶ü‡ßç‡¶∞‡ßá‡¶∏‡¶ø‡¶Ç - TESTED!!!? Two years after the Launch ft. Geforce RTX 2080 Super Teardown,41K views,3 years ago
"Almost All Budget SATA SSD Reviewed | Walton, Transcend, Team, Colorful, Gigabyte, WD, ADATA",606K views,3 years ago
80000 Taka Gaming PC Build Guide 2020 ft Geforce RTX 2060 Super | PCB BD,798K views,3 years ago
1ms Nano IPS Gaming Monitor!!? OVERPRICED!?! LG27GL850 Bangla Review | PCB BD,66K views,3 years ago
Gadget from Ali Express Under 1000 Taka | PCB BD,83K views,3 years ago
Made In Bangladesh Ultimate Gaming PC Build  |  Project Strateon,572K views,3 years ago
Project Strateon  | Teaser,9.2K views,3 years ago
Realme X 50 5G | Is it Worthy? | Full In Depth Bangla Review | PCB BD,12K views,3 years ago
Poco X2 vs Realme X2 | Full In Depth Bangla Comparison | PCB BD | 4K,10K views,3 years ago
PC Gadgets Under 3500 Taka | PCB BD | 4K,189K views,3 years ago
Aidig S Smart Watch | Best Budget Smart Watch | Bangla In Depth Review | PCB BD,46K views,3 years ago
"‡¶≤‡¶ø‡¶ï‡ßÅ‡¶á‡¶° ‡¶ï‡ßÅ‡¶≤‡¶æ‡¶∞ ‡¶∞‡¶ø‡¶≠‡¶ø‡¶â ‡•§ NZXT Kraken X62, X52, M22 AIO Liquid Cooler Line Up Review",88K views,3 years ago
Poco X2 Full In Depth Bangla Review | New Value King? | PCB BD | 4K,33K views,3 years ago
Budget TWS Comparison | Best True Wireless Earphones You can buy Right Now!,38K views,3 years ago
Just another Mini ITX Gaming PC  Build !!,56K views,3 years ago
Realme 5i In Depth Full Bangla Review | New Budget King | PCB BD | 4K,57K views,3 years ago
"Professional Photo, Video Editing, Color grading, Artists Monitor Bangla Review | ASUS ProArt PA27AC",41K views,3 years ago
60K TAKA Budget Gaming Creator PC Build Guide ft Ryzen 5 3500 | PCB BD,364K views,3 years ago
Aspor TWS A605 Bluetooth Earbuds | Full In Depth Bangla Review | PCB BD | 4K,12K views,3 years ago
"New ASUS Laptop Lineup VIVOBOOK, EXPERTBOOK, STUDIOBOOK | ASUS Apac Media Summit Taiwan 2020",65K views,3 years ago
Xiaomi Yeelight Bedside Lamp Bangla Review,23K views,3 years ago
SLIghtning BOLT - The Monster SLI Gaming PC Build,221K views,3 years ago
Top 5 Gadgets Under 1000 Taka | Priyoshop Exposed,108K views,4 years ago
PC Builders 2020 - In Search of Incredible,7.9K views,4 years ago
Viewsonic VX2276 Monitor Review | Budget IPS | PCB BD,94K views,4 years ago
‡¶Ü‡¶Æ‡¶∞‡¶æ ‡¶§‡ßã‡¶Æ‡¶æ‡¶¶‡ßá‡¶∞ ‡¶≠‡ßÅ‡¶≤‡¶¨ ‡¶®‡¶æ | ‡¶Æ‡¶æ‡¶á‡¶®‡¶ï‡ßç‡¶∞‡¶æ‡¶´‡¶ü ‡¶ü‡ßç‡¶∞‡¶ø‡¶¨‡¶ø‡¶â‡¶ü,8.9K views,4 years ago
ASUS Zenbook Pro Duo UX581 Tested! 258k!! Worth it?,16K views,4 years ago
‡¶á‡¶®‡ßç‡¶ü‡ßá‡¶≤ ‡¶¨‡¶®‡¶æ‡¶Æ ‡¶∞‡¶æ‡¶á‡¶ú‡ßá‡¶® ‡•§ RYZEN 5 3600 VS Intel Core i5 9400F Review,100K views,4 years ago
Realme X2 pro One Month Later Review | Underrated Beast of 2019 | PCB BD | [4k],18K views,4 years ago
‡ß©‡ß® ‡¶á‡¶û‡ßç‡¶ö‡¶ø ‡¶ï‡¶æ‡¶∞‡ßç‡¶≠‡¶° ‡¶ó‡ßá‡¶Æ‡¶ø‡¶Ç ‡¶Æ‡¶®‡¶ø‡¶ü‡¶∞? MSI Optix MAG321CQR Gaming Monitor Review,33K views,4 years ago
81000 Taka PC Build 2019 Ft. Ryzen 5 3600 | GTX 1660,103K views,4 years ago
AGONTUK | Official Reveal Teaser | PCB BD Exclusive,113K views,4 years ago
Top 5 Gadget Under 5000 Taka | PCB BD | [4k],90K views,4 years ago
Realme X2 | The Real Midranger Beast | In Depth Review | PCB BD | [4k],28K views,4 years ago
The Mighty 600k SLightning BOLT Build first look ‚ö° ‚ö° ‚ö°,15K views,4 years ago
One Plus Bullet Wireless 2 Full Bangla Review | Not for Bass Lover | PCB BD | [4K],15K views,4 years ago
iPhone 11 Pro Full Bangla Review | iPhone 11 Pro vs Galaxy Note 10+ vs iPhone XS Max,227K views,4 years ago
"Elegant, Stylish & No Compromise Notebook | ASUS Vivobook S15 S531FL Laptop Bangla Review",44K views,4 years ago
ASUS Spends the MOST in Research and Development | Computex 2019 | PCB BD,4.3K views,4 years ago
ASUS ROG Strix XG49VQ Super Ultra Wide Gaming Monitor | In Depth Bangla Review | PCB BD [4K],112K views,4 years ago
iPhone 11 Pro First Impression Bangla Review | Better Than We Thought?,111K views,4 years ago
Best Allrounder Gaming Monitor? ASUS ROG Strix XG32VQR Bangla Review,26K views,4 years ago
Xiaomi Redmi Note 8 Pro In Depth Full Bangla Review | Mediatek G90T Chipset | 64 MP Camera | PCB BD,38K views,4 years ago
Budget Friendly 144hz Monitor In Town | LG 24GL600F Gaming Monitor Bangla Review | PCB BD,86K views,4 years ago
35000 Taka Ryzen 5 3400G Budget Gaming PC Buying Guide 2020 | PCB BD,589K views,4 years ago
Samsung Galaxy Note 10 Plus Full Bangla Review | Galaxy Note 10+ vs iPhone XS Max | PCB BD,162K views,4 years ago
"Stylish, Luxurious, Mainstream | MSI GL63 9RDS Gaming Laptop Review | PCB BD",12K views,4 years ago
ASUS STRIX SCAR III Done right I ROG GL531GV Gaming Laptop Review,16K views,4 years ago
One Plus 7 vs Redmi K20 Pro | The Ultimate Comparison Battle | Which one is best? | PCB BD [4K,10K views,4 years ago
Colorful GPU & Motherboard Line Up | GTX 1650 Giveaway | Colorful Booth Coverage Computex 2019,8.2K views,4 years ago
VIVO S1 Full In Depth Bangla Review | Don't Fall for The Beauty | PCB BD [4K],250K views,4 years ago
Gadgets Under 200 Taka | DARAZ Flash Sale Exposed | PCB BD [4K],668K views,4 years ago
Most popular Budget PC case seller | XIGMATEK Booth Coverage Computex 2019,12K views,4 years ago
Ultrawide Gaming or Productivity? Monitor Review ASUS ROG STRIX XG35VQ,21K views,4 years ago
Xiaomi MI A3 | Full In Depth Bangla Review | Really a downgrade? | PCB BD [4K],8.1K views,4 years ago
A Gaming Benchmark Build | Gaming PC Build | PCB BD,84K views,4 years ago
Redmi AirDots In Depth Bangla Review | Great True Wireless Earphone  | PCB BD,120K views,4 years ago
GPU WAR AMD RADEON VII vs NVIDIA RTX 2080 head to head | PCB BD,7.1K views,4 years ago
Redmi K20 Pro | Flagship Killer from Xiaomi | Bangla review | PCB BD,28K views,4 years ago
Gaming Tables & Chairs are here | Gamdias Coverage Computex 2019,11K views,4 years ago
ASUS is giving replacement warranty | Laptop Fair 2019 | PCB BD,7.1K views,4 years ago
Top 5 Gadgets Under 1000 Taka | PCB BD,54K views,4 years ago
Huawei Google Relationship is Strong AGAIN | Smartphone & Tab Expo 2019,3.5K views,4 years ago
Limited Edition X570 Motherboards | AsRock Coverage Computex 2019,5.5K views,4 years ago
ASUS ROG GL704GV Gaming Laptop Bangla Review,10K views,4 years ago
1st Player Coverage Computex 2019,5.7K views,4 years ago
"Insane PC Builds, Case Mods | Thermaltake Coverage Computex 2019",25K views,4 years ago
Best of Taiwan | ASUS Coverage Computex 2019,10K views,4 years ago
"New MSI X570 Motherboards, Gaming Monitor| MSI Coverage Computex 2019",7.2K views,4 years ago
Taipei Vlog Day 5 Computex Begins,2.4K views,4 years ago
Full New ASUS Laptop Line up Coverage 2019 Special Sneak Peek,6.9K views,4 years ago
Stephen Burke Understands Bangla,7K views,4 years ago
Early Access Coverage of ASUS ROG Lineup by PCB BD,5.1K views,4 years ago
NZXT Booth Coverage Computex 2019,10K views,4 years ago
Taipei Vlog Day 3 Th RDNA & Corsair Convene,7K views,4 years ago
The Laptop Revolution ASUS Zenbook Pro Duo is Here! First Impression Hands On!,14K views,4 years ago
AMD Keynote Session 3rd gen Ryzen CPU launch PCB BD Coverage of Computex 2019,5.8K views,4 years ago
Taipei Vlog Day 2 The Sneakpeak |  Giveaway Starts,2.8K views,4 years ago
Samsung S10 Plus Long Term User Review | PCB BD,63K views,4 years ago
Taipei Vlog Day 1 Checking in with AirBNB,4.4K views,4 years ago
ASUS TUF FX505  Budget Gaming Laptop Bangla Review | PCB BD,63K views,4 years ago
‡¶á‡¶®‡ßç‡¶ü‡ßá‡¶≤ ‡¶¨‡¶®‡¶æ‡¶Æ ‡¶∞‡¶æ‡¶á‡¶ú‡ßá‡¶® | Intel i5 9400f vs Ryzen 5 2600 | The Mid-Budget Range CPU Battle,261K views,4 years ago
"1 Lakh Taka Gaming Editing PC Build | Ryzen 5 2600, ASUS TUF B450 Plus , Xigmatek Aquarius Chassis",119K views,4 years ago
Realme 3 Pro Full Bangla Review | Redmi Note 7 Pro Killer? | PCB BD,8.8K views,4 years ago
Xiaomi Redmi Note 7 Bangla Review | Three Months Later,8.5K views,4 years ago
Razer Blade Stealth 2019 Review | PCB BD,26K views,4 years ago
ASUS ROG Zephyrus GX531GW Gaming Laptop Review | PCB BD,22K views,4 years ago
Bangla Budget Gaming Monitor Review | Philips 226E9QDSB,159K views,4 years ago
"90K Taka Gaming PC Buying Guide ft. ASUS ROG Strix GTX 1660 ti, i5 9400-F",54K views,4 years ago
ASUS ROG Strix GTX 1660 ti OC Edition Bangla Review | PCB BD,22K views,4 years ago
‡¶¨‡¶ü‡¶≤‡¶®‡ßá‡¶ï ‡¶§‡¶¶‡¶®‡ßç‡¶§ ?!  i3 8100 vs i5 9600k and Rtx 2060 | 70K Taka Bottleneck Gaming PC Build,61K views,4 years ago
iPad Pro 11 Review + Apple Pencil 2 | The Best Apple Product Ever?,56K views,4 years ago
120K Taka Bangla Gaming PC Build Guide ft Colorful iGame RTX 2060 Ultimate OC,181K views,4 years ago
Best Useful Budget Gadget for Youtubers | ‡¶á‡¶â‡¶ü‡¶ø‡¶â‡¶¨‡¶æ‡¶∞‡¶¶‡ßá‡¶∞ ‡¶ú‡¶®‡ßç‡¶Ø ‡¶¨‡ßá‡¶∏‡ßç‡¶ü ‡¶ó‡ßç‡¶Ø‡¶æ‡¶ú‡ßá‡¶ü ‡ß®‡ß¶‡ßß‡ßØ,10K views,4 years ago
Bangla Gaming Monitor Review | LG 22MK430,35K views,4 years ago
Sapphire Pulse RX 570 4GB GPU Bangla Review 2019 | PCB BD,35K views,4 years ago
144Hz Gaming Monitor Review Asus VG248QE | PCB BD,26K views,4 years ago
Bangla Gaming Laptop Review | ASUS ROG Strix GL504GM Scar II Edition,49K views,4 years ago
Colorful iGame RTX 2060 GPU Lineup Bangla Review | PCB BD,57K views,4 years ago
Budget Casing Xigmatek Taurus Bangla Review | PCB BD,79K views,4 years ago
60 Thousand Taka Gaming PC Bangla Buying Guide ft Sapphire Pulse RX 570 4GB,138K views,4 years ago
"ASUS ROG Strix RTX 2080ti Bangla Gaming PC Build ft i7 8700, Cougar Conquer Chassis",51K views,4 years ago
ASUS ROG Strix GeForce RTX 2080Ti Advanced A11G GDDR6 Edition Bangla | Graphics Card Review,14K views,4 years ago
Umidigi One Bangla Review | 16K Budget Smartphone | PCB BD,26K views,5 years ago
"180K Taka Gaming PC Build | Ryzen 7 1700X, ASUS ROG Strix RTX 2070",40K views,5 years ago
Budget Monitor for Professionals | ASUS VZ229HE Monitor Bangla Review | PCB BD,125K views,5 years ago
ASUS ROG Strix RTX 2070 OC Edition Bangla Review | PCB BD,12K views,5 years ago
MSI Optix G27C2 144 Hz Curved Gaming Monitor Bangla Review | PCB BD,41K views,5 years ago
Bangla Gaming Laptop Buying Guide NEW YEAR 2019 | ‡¶¨‡¶æ‡¶Ç‡¶≤‡¶æ‡¶¶‡ßá‡¶∂‡ßá ‡¶ó‡ßá‡¶Æ‡¶ø‡¶Ç ‡¶≤‡ßç‡¶Ø‡¶æ‡¶™‡¶ü‡¶™‡ßá‡¶∞ ‡¶¶‡¶æ‡¶Æ,32K views,5 years ago
400K ROG SETUP !! Inspiration ? üî• üî•,242K views,5 years ago
Gamdias Hephaestus P1 RGB Gaming Headset Bangla Review | PCB BD,29K views,5 years ago
The RIPPER is here !!!  üíÄ üíÄ üíÄ,27K views,5 years ago
"300K Taka Monster Gaming PC Build | i9 9900K, MSI RTX 2080 Gaming X Trio | ft The Council",1M views,5 years ago
GALAX RTX 2080 OC Edition GPU Bangla Review | ‡¶∞‡ßá ‡¶ü‡ßç‡¶∞‡ßá‡¶∏‡¶ø‡¶Ç ‡¶ï‡¶ø ‡¶∏‡¶¨‡¶ï‡¶ø‡¶õ‡ßÅ? | PCB BD,17K views,5 years ago
Bangla Laptop Buying Guide 2019 | ‡¶¨‡¶æ‡¶Ç‡¶≤‡¶æ‡¶¶‡ßá‡¶∂‡ßá ‡¶≤‡ßç‡¶Ø‡¶æ‡¶™‡¶ü‡¶™‡ßá‡¶∞ ‡¶¶‡¶æ‡¶Æ | PCB BD,138K views,5 years ago
ASUS Vivobook S15 S530UF Laptop Bangla Review | PCB BD,198K views,5 years ago
LG 22MK600M Gaming Monitor Review | The new king of BUDGET MONITORS??,149K views,5 years ago
40000 Taka Budget Gaming PC Build Guide | Ryzen 5 2400G | PCB BD,196K views,5 years ago
"80000 Taka PC Build Guide | Intel i5 8400, GTX 1050ti | PCB BD",53K views,5 years ago
‡¶è‡¶ï‡¶ü‡¶ø ‡¶∞‚Äç‡ßç‡¶Ø‡¶æ‡¶Æ ‡¶¨‡¶®‡¶æ‡¶Æ ‡¶¶‡ßÅ‡¶ü‡¶ø ‡¶∞‚Äç‡ßç‡¶Ø‡¶æ‡¶Æ | Single Channel vs Dual Channel Memory Explained,32K views,5 years ago
Huawei Y9 2019 Bangla Review | Is It The New Mid Budget King?,18K views,5 years ago
30000 Taka Budget Gaming PC Build Guide | Gaming Editing Tested PC | PCB BD,482K views,5 years ago
Gamdias Hermes P1 RGB Mechanical Gaming Keyboard Bangla Review,39K views,5 years ago
Huawei P20 Pro Bangla Review | The Beast With 4 Cameras | PCB BD,19K views,5 years ago
MSI GE63 Raider RGB 8RF Gaming Laptop Bangla Review | PCB BD,13K views,5 years ago
iPhone XS Bangla Review | Vs Samsung Galaxy Note 9 | PCB BD,205K views,5 years ago
40000 Taka Gaming PC Buying Guide | PCB BD,98K views,5 years ago
New Level 20 Gaming Cases | ThermalTake Booth at Computex 2018 | PCB BD,11K views,5 years ago
POCOPHONE F1 Bangla Review | ‡¶ó‡¶∞‡ßÄ‡¶¨‡ßá‡¶∞ ‡¶´‡ßç‡¶≤‡ßç‡¶Ø‡¶æ‡¶ó‡¶∂‡ßÄ‡¶™ ?,87K views,5 years ago
Huawei Nova 3i Bangla Review | Artificial Intelligent (AI) Smartphone | PCB BD,177K views,5 years ago
"Third Day At Computex 2018, Day 5 At Taipei, Taiwan | Bangla Vlog | PCB BD",3.9K views,5 years ago
‡¶∞‡ßá‡¶ú‡¶æ‡¶∞‡ßá‡¶∞ ‡¶¨‡¶æ‡¶ú‡ßá‡¶ü (?) ‡¶ó‡ßá‡¶Æ‡¶ø‡¶Ç ‡¶π‡ßá‡¶°‡¶´‡ßã‡¶® | Razer Electra V2 Gaming Headset Bangla Review | PCB BD,78K views,5 years ago
"Techshohor Smartphone & Tab Expo 2018 | Huawei, Oppo, Samsung, Umidigi, Tecno, Nokia Smartphones",9.4K views,5 years ago
Motherboard Giveaway? ASRock Booth Tour Computex 2018,7.2K views,5 years ago
65 inch Gaming Monitor?!! ASUS ROG Booth Tour Computex 2018,19K views,5 years ago
ASUS South Asian Regional Director Mr. Vinay Shetty with PCB BD Computex 2018,1.7K views,5 years ago
RGB Gaming Chairs?!! Gamdias Booth | Computex 2018 | PCB BD,9.8K views,5 years ago
‡¶®‡ßã‡¶Ø‡¶º‡¶æ‡¶ñ‡¶æ‡¶≤‡ßÄ ‡¶¨‡¶ø‡¶≠‡¶æ‡¶ó ‡¶ö‡¶æ‡¶® Dmitry Novoselov from HardwareCanucks | Computex 2018 | PCB BD,7.5K views,5 years ago
"Second Day Computex Vlog ‡¶¨‡¶æ‡¶Ç‡¶≤‡¶æ  Day 4 at Taipei, Taiwan | Computex 2018 | PCB BD",3.5K views,5 years ago
‡¶ö‡¶ø‡¶ï‡¶® ‡¶™‡¶ø‡¶®‡ßá‡¶∞ ‡¶ö‡¶æ‡¶∞‡ßç‡¶ú‡¶æ‡¶∞ with Kyle Hansen from Bitwit | Computex 2018 | PCB BD,7.3K views,5 years ago
OMG!!! Liquid Cooled 5531 Mhz RAM at ADATA Booth | Computex 2018 | PCB BD,10K views,5 years ago
"Computex Begins Vlog ‡¶¨‡¶æ‡¶Ç‡¶≤‡¶æ Day 3 at Taipei, Taiwan Computex 2018 PCB BD",2.4K views,5 years ago
"Insane Bitcoin Mining Rig, 240 Hz Monitor at MSI Booth | Computex 2018 | PCB BD",4.6K views,5 years ago
‡¶Ü‡¶¨‡¶æ‡¶∞ ‡¶ú‡¶ø‡¶ó‡¶æ‡¶Ø‡¶º with Linus Sebastian from LinusTechTips Computex 2018 | PCB BD,187K views,5 years ago
"Media Badge Pickup  Computex 2018 Vlog ‡¶¨‡¶æ‡¶Ç‡¶≤‡¶æ Day 2 Taipei,Taiwan",6.7K views,5 years ago
ROG Phone Bangla Hands On Review Computex 2018 Launch,22K views,5 years ago
"Computex 2018 Vlog ‡¶¨‡¶æ‡¶Ç‡¶≤‡¶æ Day 1 Taipei, Taiwan PCB BD",11K views,5 years ago
"13000 Taka PC Buying Guide Bangla 2018 | Gaming, Editing Tested ‡¶¨‡¶æ‡¶ú‡ßá‡¶ü ‡¶ï‡¶Æ‡ßç‡¶™‡¶ø‡¶â‡¶ü‡¶æ‡¶∞ | PCB BD",160K views,5 years ago
Philips 226V Budget Monitor Review in Bangla | PCB BD,14K views,5 years ago
XIAOMI 3C Wifi Router Review Under 2K Bangla | PCB BD,56K views,5 years ago
Huawei Nova 3e Full Bangla Review | Mid-Level Budget Smartphone | PCB BD,44K views,5 years ago
Computer Casing Buying Guide 2018 Bangla | Gaming Chassis | PCB BD,140K views,5 years ago
"25000 Taka PC Buying Guide Bangla 2018 | Gaming, Editing ‡¶ó‡¶∞‡ßÄ‡¶¨‡ßá‡¶∞ ‡¶Ö‡¶≤‡¶∞‡¶æ‡¶â‡¶®‡ßç‡¶°‡¶æ‡¶∞ | PCB BD",246K views,5 years ago
Huawei Y9 (2018) Full Bangla Review | Mid-Level Budget Smartphone | PCB BD,155K views,5 years ago
Worlds Largest GPU DGX-2 Announced by NVIDIA | GTC 2018 | PCB BD,13K views,5 years ago
Ram Price Hike Explained | ‡¶∞‚Äç‡ßç‡¶Ø‡¶æ‡¶Æ ‡¶è‡¶∞ ‡¶¶‡¶æ‡¶Æ ‡¶ï‡¶ø ‡¶Ü‡¶∞ ‡¶ï‡¶Æ‡¶¨‡ßá ‡¶®‡¶æ? | PCB BD,33K views,5 years ago
Gamdias Hermes 7 Gaming Keyboard Bangla Review | Budget Mechanical Keyboard | PCB BD,56K views,5 years ago
Samsung Galaxy S9 Plus Bangla Review | vs Apple iPhone X | PCB BD,90K views,5 years ago
"Cougar Conquer Gaming Computer Casing Unboxing, Assembly & mini Bangla Review | PCB BD",242K views,5 years ago
Graphics Card Price Hike Explained | ‡¶ú‡¶ø‡¶™‡¶ø‡¶â'‡¶∞ ‡¶¶‡¶æ‡¶Æ ‡¶ï‡¶¨‡ßá ‡¶ï‡¶Æ‡¶¨‡ßá? | PCB BD,30K views,5 years ago
"85,000 Taka Gaming/Editing PC Buying Guide Bangla 2018 | PCB BD",135K views,5 years ago
Budget Gaming Mouse Review | Gamdias ZEUS M1 Mouse Review | PCB BD,11K views,5 years ago
‡¶ï‡ßã‡¶® ‡¶ó‡ßç‡¶∞‡¶æ‡¶´‡¶ø‡¶ï‡ßç‡¶∏ ‡¶ï‡¶æ‡¶∞‡ßç‡¶° ‡¶ï‡¶ø‡¶®‡¶¨‡ßá‡¶®? Graphics Card (GPU) Buying Guide 2018 | PCB BD,102K views,5 years ago
ASUS TUF Z370 Plus Gaming Intel 8th Gen Coffee Lake Motherboard Overview in Bangla | PCB BD,8K views,5 years ago
This Cool Keyboard is Detachable | Asus Rog Claymore Overview Bangla | PCB BD,156K views,5 years ago
"55,000 Taka Budget PC Buying Guide Bangla 2018 | PCB BD",189K views,6 years ago
iPhone X Features Review ‡¶Æ‡¶ú‡¶æ‡¶∞ ‡¶Ø‡¶§ ‡¶´‡¶ø‡¶ö‡¶æ‡¶∞ | Bangla Review | PCB BD,71K views,6 years ago
Antec Cube Razer Edition Build with Ryzen 1700x Asrock Fatality XFX  580 | Project Ryzen | PCB BD,87K views,6 years ago
Project Ryzen Component Reveal | PCB BD,1.3K views,6 years ago
iPhone X Hands on Review Bangla | First impressions | PCB BD,717K views,6 years ago
The Story Behind the First Submerged Mineral Oil PC in Bangladesh | A Project by PCB BD,4K views,6 years ago
Project L.C.S Custom Water Cooled PC Step by step Build Guide in Bangla,32K views,6 years ago
Project L.C.S Component Reveal Teaser | PCB BD,1.4K views,6 years ago
GameSir T1s controller review | Bangla Review | PCB BD,13K views,6 years ago
Razer Mamba Tournament Edition Gaming Mouse Detailed Overview | Bangla | PCB BD,4.9K views,6 years ago
Huawei Y6II Prime Camera Performance Test  | Bangla | PCB BD,2.7K views,6 years ago
PCB BD Trailer | New Step by Step PC Build Guide | Bangla,1K views,6 years ago
Huawei Y6II Prime ‡¶∞‡¶ø‡¶≠‡¶ø‡¶â | Bangla Review | PCB BD,15K views,6 years ago
Top Five Gaming Mouse In Bangladesh | ‡¶∏‡ßá‡¶∞‡¶æ ‡¶™‡¶æ‡¶Å‡¶ö ‡¶ó‡ßá‡¶Æ‡¶ø‡¶Ç ‡¶Æ‡¶æ‡¶â‡¶∏ | PCB BD,142K views,6 years ago
Top Five Gaming Mouse Promo | Bangla | PCB BD,2K views,6 years ago
XIAOMI MI6 First Impression | XIAOMI ‡¶®‡¶ø‡¶Ø‡¶º‡ßá ‡¶è‡¶≤‡ßã MI6 ‡¶¨‡¶æ‡¶Ç‡¶≤‡¶æ‡¶¶‡ßá‡¶∂‡ßá | Bangla Review,4.5K views,6 years ago
"Samsung, Huawei, Nokia , MI A tour to Techshohor.com Smartphone & Tab Expo 2017",4.8K views,6 years ago
ASUS ROG GX800 Reveal | The most powerful laptop??? | Bangla Overview,13K views,6 years ago
DIY Phone Skin How to Make DBrand Like SKin Under 1$ | ‡ß´‡ß¶ ‡¶ü‡¶æ‡¶ï‡¶æ‡¶∞ ‡¶Æ‡¶ß‡ßç‡¶Ø‡ßá ‡¶π‡ßÅ‡¶Ø‡¶º‡¶æ‡¶ì‡¶Ø‡¶º‡ßá GR3 ‡¶∏‡ßç‡¶ï‡¶ø‡¶® | PCB BD,26K views,6 years ago
HUAWEI GR3 2017 Bangla Review aka  P8 Lite/Honor 8 Lite | PCB BD,28K views,6 years ago
The Ultimate Workstation Motherboard? ASUS X99-E WS Overview | PCB BD,11K views,6 years ago
Who is faster? Galaxy S8 Plus vs iPhone 7 Plus | PCB BD,1.7K views,6 years ago
Bangla New Funny Video | ‡¶Æ‡ßã‡¶¨‡¶æ‡¶á‡¶≤ ‡¶ï‡ßá‡¶Å‡¶°‡¶º‡ßá ‡¶™‡¶æ‡¶®‡¶ø‡¶§‡ßá ‡¶ù‡¶æ‡¶Å‡¶™ | Galaxy S8 Plus Water Test | New Video 2017,2.8K views,6 years ago
Speaker Comparison Galaxy S8 Plus vs iPhone 7 Plus | Sound Test | PCB BD,1K views,6 years ago
"Galaxy S8 Plus VS iPhone 7 Plus Camera test | 4K, Low Light, Panorama, Auto Focus | PCB BD",5K views,6 years ago
Samsung Galaxy S8 Plus Bangla Review | vs Apple iphone 7 Plus | PCB BD,74K views,6 years ago
DIY Low Cost Custom GPU Backplate | Modlab Ep 1,10K views,6 years ago
MSI B250m Mortar Gaming Motherboard | Bangla Review | PCB BD,31K views,6 years ago
HUAWEI GR5 2017 Camera Perfromance Test | Bangla Review | PCB BD,15K views,6 years ago
CITY IT 2017 Computer Fair Video Tour | PCB BD,4.1K views,6 years ago
HUAWEI GR5 2017 Review Honor 6x | Bangla Review | PCB BD,11K views,6 years ago
PC Builder Bangladesh your favorite Bengali Tech Channel,3.7K views,6 years ago
ASUS Strix GTX 1060 Teardown & PCB Explained  | REPARO EP 3,4K views,6 years ago
Nvidia GTX 1060 vs AMD RX480 Benchmark Comparison w/ Teardown | Bangla Review | PCB BD,21K views,6 years ago
MSI Z270 Xpower Gaming Titanium Motherboard | Bangla Review | PCB BD,8.8K views,6 years ago
Introducing Nokia 6 | Evolution of Nokia | PCB BD,2.1K views,6 years ago
Intel Core i7 7700k Kaby Lake | Overclocking & Performance | PCB BD,3.3K views,6 years ago
ASUS ROG Maximus IX Formula | Unboxing & Overview | PCB BD,14K views,6 years ago
Prozect Manta Gaming PC Time lapse Build | Build Finish | PCB BD,4.4K views,7 years ago
Cooler Master Hyper 212x Installation Step by Step | Tutorial | PCB BD,5.2K views,7 years ago
DIY Step by Step Mini ITX Build Bangla | B150I | Asus GTX 1060 Strix | NZXT Manta | PCB BD,26K views,7 years ago
Gaming PC Configuration 1 Lakh Taka | Buying Guide | PCB BD,26K views,7 years ago
"Apple Macbook Pro 15.4"" (2016) with touchbar Unboxing in Bangla | PCB BD",23K views,7 years ago
"PC Configuration for Professionals 60,000 Bdt | Buying Guide | PCB BD",18K views,7 years ago
"Laptop Fair 2016 HP, Acer, Lenovo, ASUS | PCB BD",7.5K views,7 years ago
Asus ZenBook 3 Launch | Asus Bangladesh | Laptop Fair 2016,13K views,7 years ago
How to repair gaming mouse click problems | DIY Mouse Repair | PCB BD,4.1K views,7 years ago
ASUS GL552VW Gaming Laptop Review in Bangla | Bangla Review | PCB BD,18K views,7 years ago
GTA V Gameplay Performance Test on ASUS GL552VW Gaming Laptop,4.1K views,7 years ago
How to clean a Mechanical Keyboard - K95 Corsair | Reparo Episode 1 | PCB BD,17K views,7 years ago
iPhone 7 Water Test First time in Bangladesh | iPhone 7 Bangla Review | PCB BD,2.9K views,7 years ago
iPhone 7 Camera Performance Test | iPhone 7 Bangla Review | PCB BD,10K views,7 years ago
iPhone 7 Review in Bangla | Bangla Review | PCB BD,227K views,7 years ago
"Editing & Rendering PC at 90,000 BD Taka | PC Configuration Buying Guide | PCB BD",30K views,7 years ago
"Things you will get with Iphone 7, unboxing iphone 7 in Bangla",16K views,7 years ago
Asus GL552VW Laptop Unboxing in Bangla,5.7K views,7 years ago
LG 22MP68VQ-P Freesync Monitor Review in Bangla Best budget monitor 2016?,80K views,7 years ago
TechTalk w/Online Professionals Md Nurullah Episode 1,3.8K views,7 years ago
Techtalk with Online Professionals Promo,1K views,7 years ago
Prozect Manta Component Reveal,3.6K views,7 years ago
MSI GT72S 6QF Dragon Edition Gaming Laptop Unboxing w/Review in Bangla | Bangla Review | PCB BD,4.8K views,7 years ago
The Witcher 3: Wild Hunt on MSI GT72 6QF GTX 980 (4K Benchmark),1.3K views,7 years ago
Grand Theft Auto V on MSI GT72 6QF GTX 980 (4K Benchmark),1.4K views,7 years ago
"Gaming PC at 70,000 BD TAKA July 2016 (RX 480 Special) [900 Usd]",11K views,7 years ago
"Gaming PC at 56,000 BD TAKA July 2016",7.3K views,7 years ago
Galaxy S7 EDGE on a Rainy Day,782 views,7 years ago
Samsung Galaxy S7 Edge Review Bangla | ‡¶∏‡ßç‡¶Ø‡¶æ‡¶Æ‡¶∏‡¶æ‡¶Ç ‡¶ó‡ßç‡¶Ø‡¶≤‡¶æ‡¶ï‡ßç‡¶∏‡¶ø ‡¶è‡¶∏‡ß≠ ‡¶è‡¶ú ‡¶¨‡¶æ‡¶Ç‡¶≤‡¶æ ‡¶∞‡¶ø‡¶≠‡¶ø‡¶â,91K views,7 years ago
Zenfone Selfie Review in Bangla | Bangla Review | PCB BD,21K views,7 years ago
HUAWEI P9 Review in Bangla | Bangla Review | PCB BD,142K views,7 years ago
Huawei P9 Unboxing | Bangla Unboxing | PCB BD,1.8K views,7 years ago
Samsung Galaxy S7 EDGE Unboxing,4K views,7 years ago
Dell Ultrasharp U2515H Professional Monitor Review in Bangla | Bangla Review | PCB BD,25K views,7 years ago
Sony Bravia X900C 4K Android TV Revew in Bangla,7.7K views,7 years ago
Project X Aftermath & Rendering Benchmark,1.2K views,7 years ago
Realtime Rendering with Asus GTX 970 Strix,2.5K views,7 years ago
Asus Zenfone 2 ZE551ML Bangla Review,16K views,7 years ago
Asus Zenfone 2 Promo ZE551ML,729 views,7 years ago
Intel Core i7 5960X Asus X99 Deluxe & NZXT H440 Build Bangla,13K views,7 years ago
Asus B150 Pro Gaming/Aura Review in Bangla | Bangla Review | PCB BD,7.2K views,7 years ago
Aura RGB LED Light Show feat. B150 Pro Gaming,5.7K views,7 years ago
Buying Guide BD Taka 66000 (Aura Special),4.2K views,7 years ago
Asus B150 Pro Gaming GTX 980 & NZXT Noctis 450 Build in Bangla,12K views,7 years ago
Aura Week Component Reveal,1.9K views,7 years ago
Iphone 6S Review | Bangla Review | PCB BD,52K views,7 years ago
Iphone 6S 4k 30fps Recording Test,716 views,7 years ago
Iphone 6S 4k 30fps Recording Test 2,494 views,7 years ago
PCB BD Unboxing of Iphone 6S,648 views,7 years ago
ROG OC Tutorial Live Show,1.7K views,7 years ago
Intel Core i7 5960X Review in Bangla,4.2K views,7 years ago
High Quality Rendering with Core i7 5960X using V-Ray,5.7K views,7 years ago
"Gaming laptop buying guide 70,000-75000 BD Taka",4.8K views,7 years ago
"AMD Low Budget Build Guide for 720p Gaming Bangla 36,000 Bdt",1.8K views,7 years ago
PROJECT X Component Reveal,1.2K views,7 years ago
MSI GS60 2QD Ghost Pro 4K Unboxing & Review in Bangla,2.7K views,7 years ago
Gaming PC at 1 Lac 25 Thousand BD Taka,3.3K views,7 years ago
Promo,528 views,7 years ago
Project ROG Aftermath (Showcasing & Performance),1K views,7 years ago
Graphics Rendering & Video Editing PC at 2 lac BD Taka,3.4K views,7 years ago
Editing Beast PC Build A to Z Rampage V Extreme Core i7 5960X & GTX 980TI Strix SLI Build in Bangla,29K views,7 years ago
"Gaming PC at 1 LAC 100,000 BD Taka Skylake Edition",3.4K views,7 years ago
"Gaming PC at 66,000 BD Taka Skylake Edition",3.1K views,7 years ago
Coolermaster Cosmos SE Review in Bangla,3.6K views,7 years ago
Corsair Obsidian 900D Case Review in Bangla,3.1K views,8 years ago
Asus GTX 980TI Strix DC3OC Performance Review in Bangla,3.4K views,8 years ago
"Gaming PC at 75,000 BD Taka Skylake Edition",10K views,8 years ago
Project ROG Component Reveal,1.7K views,8 years ago
Intel Core i5 6600K Overclocking Guide using Maximus 8 Hero in Bangla | PCB BD,6.3K views,8 years ago
Samsung JS9000 SUHD 4K TV Review in Bangla,9.1K views,8 years ago
Project SUHD Promo.....Review is coming this week,330 views,8 years ago
PROJECT ROG PROMO....Another Promo? :),709 views,8 years ago
Seasonic M12II Evo 750W PSU Unboxing & Overview in Bangla,1.5K views,8 years ago
Future Project Promo! See Inside!,370 views,8 years ago
Asus VX229H AH IPS Monitor Review in Bangla | Bangla Review | PCB BD,81K views,8 years ago
Project Z Aftermath,1K views,8 years ago
Maximus VIII Hero Core i5 6600K & GTX 980 Strix Build in Bangla,10K views,8 years ago
Light Setup in NZXT H440 Case at 500 Taka in Bangla,16K views,8 years ago
NZXT H440 Case Review in Bangla,7.3K views,8 years ago
‡¶™‡ßá‡¶á‡¶®‡ßç‡¶ü ‡¶ï‡¶∞‡¶≤‡¶æ‡¶Æ ‡¶ï‡¶∞‡¶∏‡ßá‡¶Ø‡¶º‡¶æ‡¶∞ ‡¶ï‡ßÅ‡¶≤‡¶æ‡¶∞ ‡¶∞‡¶ø‡¶Ç‡¶ü‡¶æ‡¶ï‡ßá!,609 views,8 years ago
Asus Zenbook UX303LB Unboxing & Review in Bangla,8.3K views,8 years ago
Why PC Builder Bangladesh? Here is your answer,1.5K views,8 years ago
Z170 Pro Gaming Unboxing & Overview in Bangla,8K views,8 years ago
Maximus VIII Hero Unboxing & Overview in Bangla,6.1K views,8 years ago
Samsung Galaxy S6 Edge Unboxing & Review in Bangla,109K views,8 years ago
Battlefield  Hardline on GT80 Titan SLI 2560x1600,1.9K views,8 years ago
iMac 27inch Mid 2013 Gaming Review in Bangla,8.2K views,8 years ago
"Gaming PC at 50,000 BD TAKA",29K views,8 years ago
PCB BD Promo,293 views,8 years ago
MSI GT80 Titan SLI Review in Bangla | Bangla Review | PCB BD,11K views,8 years ago
Avexir Core Series 2666 Mhz DDR3 Unboxing,749 views,8 years ago
Ryse Son of Rome on MSI GT80 Titan SLI 2560x1600,4.7K views,8 years ago
Maximus VII Hero Unboxing & Overview In Bangla Language,419 views,8 years ago
Samsung 850 EVO 1TB SSD Unboxing & Overview In Bangla Language,9.8K views,8 years ago
Grand Theft Auto V Benchmark With GTX980M SLI,1K views,8 years ago
Grand Theft Auto V Gameplay on The MSI GT80 Titan SLI 2560x1600,29K views,8 years ago
Upgrading Samsung 850 EVO 1TB SSD into The GT80 TitaN SLI Bangla Language,4.6K views,8 years ago
Tomb Raider on the MSI GT80 Titan SLI 1920x1080,785 views,8 years ago
Mortal Kombat X on my GT80 Titan SLI 2560x1600,1.4K views,8 years ago
MSI GT80 Titan SLI Unboxing & Overview in Bangla,1.7K views,8 years ago
GTA 5 on my system (Proper Benchmark),505 views,8 years ago
How to Set Up Mac for the First time in Bangla Language,15K views,8 years ago
Apple Imac Mid 2014 Unboxing in Bangla,46K views,8 years ago
Grand Theft Auto on my System,1K views,8 years ago
"Gaming PC at 30,000 BD TAKA",20K views,8 years ago
Rampage V Extreme with GTX 980 Strix SLI & 760T Part 2 in Bangla,7.1K views,8 years ago
Rampage V Extreme with GTX 980 Strix SLI & 760T Part 1 in Bangla,4.6K views,8 years ago
ROG Front Base Unboxing & Overview in Bangla,1K views,8 years ago
Corsair Graphite 760T Arctic White Review in Bangla,757 views,8 years ago
NZXT Hue RGB LED Controller Unboxing in Bangla,759 views,8 years ago
Corsair AX1200i Power Supply Unboxing & Overview in Bangla,856 views,8 years ago
‡¶Æ‡ßá‡¶Æ‡ßã‡¶∞‡¶ø ‡¶á‡¶∏‡ßÅ GTX 970,256 views,8 years ago
Creative Sound Blaster ZXR Unboxing & Overview In Bangla,2.9K views,8 years ago
Rampage V Extreme Detail Overview in Bangla,620 views,8 years ago
Rampage V Extreme Unboxing in Bangla,1.6K views,8 years ago
Corsair Individual Sleeved Cable for AX1200i PSU,2.5K views,8 years ago
Upgrading Micro SSD to MSI GT70 2PE Laptop,6.8K views,8 years ago
iPhone 6 Plus 64GB Unboxing in Bangla,70K views,8 years ago
Corsair Dominator Platinum DDR4 Unboxing in Bangla,2.7K views,8 years ago
How to make external drive recipe,507 views,8 years ago
Using Logitech MK220 with Samsung Smart TV,11K views,9 years ago
Corsair Fans Unboxing & Overview in Bangla,5.6K views,9 years ago
Project X99,1.3K views,9 years ago
PC BUILDER Bangladesh is the First Bangladeshi Video Based Podcast about Computers,2.1K views,9 years ago
Maximus VII Impact with Asus GTX 980 Strix Build (In Bangla),17K views,9 years ago
Asus GTX 980 Strix Unboxing (In Bangla),4.3K views,9 years ago
Maximus VII Impact Unboxing & Overview (in Bangla) by PCB BD,462 views,9 years ago
Corsair RM750 Unboxing & Overview (In Bangla) by PCB BD,2.1K views,9 years ago
Maximux VII Impact Build Component Introduction (in Bangla)  by PCB BD,826 views,9 years ago
Bitfenix Prodigy Red PC Case Overview (In Bangla) by PCB BD,1.1K views,9 years ago
MSI GT70 2PE Dominator Pro Unboxing & Overview by PCB BD,9K views,9 years ago
Gaming Mini ITX Build with MSI Z87I Gaming AC & GTX 780 by PCB BD,5.4K views,9 years ago
Lenovo Ideapad Y510P Unboxing Bangla by PCB BD,3.7K views,9 years ago
Mini ITX Build Haswell Gigabyte H87 Part 3 Final,2K views,9 years ago
Mini ITX Build Haswell Gigabyte H87 Part 2,1.9K views,9 years ago
Mini ITX Build Haswell Gigabyte H87 Part 1,8.3K views,9 years ago
